Catchment ID,Catchment Area,area_sqkm,garea_sqkm
5204450,297850.0,,
4152660,11862.2,9123.726445,9559.931641
4115410,2667.7,2735.604204,2633.197754
1160410,4.0,,2.12996912
1159900,4152.0,3311.551129,4089.168701
4123208,1090.4,,
5863210,186.7,,
4125200,4576.5,,
6233222,64.6,,56.30262375
4119461,16006.2,14785.65135,17398.80078
4106600,17094.0,,
5867350,1160.0,,
5867200,573.0,,
4121340,6475.0,5859.111191,6073.02002
6503852,1610.0,1665.868388,1631.198242
1159301,339310.0,334586.2044,335074.3125
4125801,113216.7,106837.4567,112366.125
6456120,1451.69,,
4147950,4133.6,3679.932277,4122.85791
4116311,3522.4,3546.347273,3555.933594
4208562,3780.0,,
6233610,953.4,,
6233740,6692.6,,
6233235,1.8,,1.918460131
3276150,2800.0,1766.518366,1758.366455
6605575,484.3,,
1160393,351.0,328.8345793,327.8125916
6172351,47800.0,,
1160985,378.8,,
4214560,6680.0,5307.256614,7153.829102
5866230,899.0,,
4146180,8062.7,7254.816381,7895.102051
5864501,2380.0,,
4120220,4675.0,,
6457600,121.19,,
6457225,592.49,,
4126810,10992.0,8409.867129,9671.458984
1160675,216.0,,220.899231
1160725,3771.0,,
6502141,1207.0,921.9011206,1175.908691
4115250,4291.6,3934.383831,4238.121094
4115300,18803.4,,
1160300,657.0,733.4301719,629.824707
1160250,246.0,,228.5051117
4213561,-999.0,,
4102100,80549.0,80201.69177,79819.96875
1197590,265.0,,304.3816834
4121125,4532.5,3917.329906,4419.693359
5867510,1020.0,,
4207880,904.0,973.7567839,954.6740112
4208864,1290.0,,
6233100,2160.2,1886.27371,2089.458252
4207130,414.0,,
4213576,19300.0,,
4244350,3.57,,
4116401,6941.2,6825.552029,7177.855469
6605710,74.9,,74.31649017
4149850,4713.8,4130.184649,4173.180664
5202103,16400.0,15665.42138,16157.72266
1160317,85.0,,45.6159935
4185600,112.7,,136.5341492
4122201,24967.6,24742.77591,24638.79102
5302220,857.0,910.0761128,895.1485596
4122351,37451.4,35311.2541,37303.28906
4214655,31900.0,42058.87066,42651.17188
1160851,1533.0,,
6458555,3041.9,,
4122281,8236.2,7662.331899,8301.957031
6603300,5209.8,2186.08809,5155.602051
4122130,61901.0,53006.32252,60852.44922
6605790,782.2,,
4115403,9945.6,9729.299615,9843.186523
1160403,131.0,,
6607240,135.2,,
6233180,155.5,,
5109170,10987.0,9810.815798,11499.77734
6609500,4325.0,,
1197507,8473.0,,
4116481,906.5,,
1159670,522.0,,
4151410,2745.4,,
1159305,8266.0,,
6142160,126.593,,
5708160,4325.0,,
4125942,4529.9,,
4207800,54900.0,,
3275270,102120.0,,
6604385,116.6,,
6606320,132.0,,
4213650,153000.0,,
4121802,482776.0,506555.4322,504172.25
6229120,8.4,,7.584240913
4103633,2426.8,1263.375131,2446.48584
5202225,1127.0,386.7202357,991.1920776
4185053,141.9,,
6608530,194.0,189.6809433,188.4602356
6457680,29611.48,,
4103800,293965.0,290042.1629,288313.4688
4149415,2292.2,2170.488541,2234.061279
4134300,6216.0,4627.8007,5176.182617
4120111,4584.3,4862.24837,4475.643555
4122620,2719.5,1969.939053,2770.498291
4126803,53276.3,53219.725,53046.24609
4146100,1590.3,1210.106344,1552.674561
4146050,2035.7,,
1196360,1801.0,,
6457820,25908.91,,
5304070,1088.0,1685.67435,1048.788818
1160487,394.0,421.2023364,419.8986206
5202057,398.85,384.4937629,383.5358276
4116405,2416.5,1994.040141,2374.030029
6233690,11308.7,11487.90921,11549.40137
4147502,2051.3,1694.211005,1966.966187
1159545,63437.0,,
4151300,1784.5,2092.452751,2086.598877
4123235,1683.5,1585.55287,1578.947876
4123365,476.6,482.001965,480.3661194
4121121,1502.2,1540.607288,1532.475586
4147060,3558.7,2636.004334,3043.158203
4147060,3558.7,2636.004334,3043.158203
4147060,3558.7,2636.004334,3043.158203
6606560,341.9,,
4213010,657.0,720.766941,716.6362915
6233113,2311.9,,
4213140,3470.0,,
4125061,46565.6,46131.44154,45953.36328
4119600,600.9,,
4127600,1986.5,,
4234550,321.0,583.444438,386.0928955
4126352,4853.7,,
5202110,92.0,,102.4075012
1160671,91.0,,95.88798523
5202040,1660.0,1225.889613,1534.764893
6608220,297.8,,
1199410,108.0,,
1160304,4355.0,,
6605860,781.9,,
4214263,212000.0,189515.07,189198.0625
4122212,2548.6,2571.629589,2560.786865
4122637,20914.3,19384.28365,19589.99023
4149670,9194.5,7451.33456,7952.052246
4152551,76819.4,67004.81626,66221.375
1160842,196.0,,
4150330,10155.4,9480.278479,10109.02539
6458610,2263.77,,
1160527,1512.0,,
1196390,1776.0,,
4115102,8857.8,5465.657366,8889.535156
4103650,5620.3,5587.706207,5649.909668
1160102,2008.0,,
5607400,71387.0,64343.11577,72403.9375
4220310,1400.0,1392.948689,1384.931641
4208890,5570.0,,
4123382,766.6,1111.244193,766.9555054
4121330,2294.7,1681.187805,2300.165771
4208887,165.0,,
4147704,25796.4,23232.02072,23303.41992
4123278,2929.3,2084.03476,2777.705078
4208505,2980.0,2782.278838,3016.651611
6606590,297.9,,
1159820,864.0,1084.10018,869.8638306
4245550,3940.0,,
1196413,2551.0,,
1160460,29571.0,29111.25336,29424.73633
1160530,806.0,818.8581115,799.1946411
1160115,599.0,616.8157107,614.8443604
4122153,38914.8,,
4214507,11200.0,10893.0,11948.70313
4115349,15537.4,10051.68479,15496.49219
4152610,10999.7,,
4149680,19606.3,,
6545501,460.0,506.329803,503.7436218
6605890,120.5,,
6172014,123.0,,
4146401,696.7,,
6458525,402.32,,
6373300,64500.0,,
4214200,725.0,541.8251269,469.3833923
5302300,1303.0,1324.038517,1319.130615
4122271,8365.7,7460.50551,8336.946289
1160367,25.0,,24.99232864
1160367,25.0,,24.99232864
6607101,21.5,,22.28329659
4125918,2053.9,1818.337919,2002.981323
4220400,2580.0,,
4116471,4584.3,5223.532153,4958.674805
6233555,15.0,,14.92434883
6233170,5479.5,6609.916972,6935.053223
4133750,12691.0,8805.011461,10783.78613
5865900,306.0,,
6142190,445.206,,
3265005,19800.0,,
4121142,33152.0,30917.66267,32558.92969
4215181,2150.0,,
1159103,859920.0,,
5865301,3305.0,3009.893478,3572.855713
4121420,13908.3,13319.44342,13877.01465
4215230,1230.0,1561.357157,1248.693359
1197701,168.0,,182.7615356
6233412,4044.2,,
4125560,20603.5,16332.19622,21190.19727
4119251,8471.9,7532.902328,8084.387695
4143790,1240.6,1182.64541,1176.710083
4213134,3990.0,3953.529875,3929.886719
3275280,2753.0,2695.793467,2775.126953
4115220,13183.0,7033.779753,13036.49512
1160220,267.0,,278.8649597
1160370,95.0,,
1160755,191.0,,184.970871
4214801,36300.0,,
4152050,618715.0,156899.9969,669384.6875
6457670,6728.48,,
6457720,4579.6,,
4149110,3141.7,2682.651444,3051.71582
4150450,108788.0,,
4150500,116827.1,115513.9867,116217.6484
6458753,2550.19,,
4213205,3850.0,4784.874627,5392.638672
4116193,1258.7,,
6606200,98.8,,87.87652588
1197560,82.0,,80.90111542
6606350,106.7,,
4213591,58700.0,,
3275200,1800.0,1205.960126,1733.927612
4143710,1574.7,1732.792735,1724.268555
4244792,3.9,,3.461467743
4215101,7590.0,,
4215051,1850.0,1445.539535,1698.533691
4125028,29873.1,29574.13431,29707.74805
4147700,62419.0,59182.96254,59626.69922
4147650,2970.7,2422.77059,2986.0979
5708110,44900.0,,
6142110,12283.701,5552.215654,11719.93359
4148070,3680.4,3401.587937,3721.671875
4135210,3240.1,4098.765736,3028.031738
4125925,2556.3,1842.113165,2504.702393
4116184,179228.0,,
4207321,5930.0,,
6609570,178.0,,165.3003693
4208516,4350.0,,
4126150,2201.5,2275.359829,2268.586182
1196175,2249.0,,
6607230,202.0,290.5373891,288.7785339
4235200,172.0,,
1160523,2445.0,,
4115106,2408.7,2245.844235,2399.609375
4150283,43822.8,42484.75416,43298.82422
4214280,4250.0,3840.11829,4228.577637
5171500,12.0,,6.380738258
6458809,232.43,,
1199460,183.0,,
6608250,622.0,,
6608300,911.7,874.5542825,869.1199341
4115224,1333.9,1455.616072,1350.165894
5202030,1790.0,1902.997635,1898.63501
1199115,1446.0,,
1197705,54.0,,56.57149506
6606510,74.3,,78.29820251
6233163,1184.6,,
4215185,1870.0,,
4147010,16633.0,3156.890724,12965.6875
6401500,226.0,,206.4116211
5865670,20.799999,,
1159535,79903.0,,
4213880,4870.0,3994.227571,3971.994873
1159110,1502.0,1541.164126,1487.329712
4208940,2560.0,2287.937183,2734.631348
6604970,137.5,,129.7402344
4121146,18673.9,17792.97292,18184.78906
4135500,1774.2,,
6503105,695.0,,
4119312,4607.6,,
6233551,12087.5,8164.815972,8314.259766
6233401,25760.7,,
4185251,331.5,461.6375877,325.6551514
4185301,232.6,,156.0020294
6457850,4093.63,,
6607520,1040.0,1004.965977,998.8459473
6172010,84.0,,
6373304,70500.0,,
4105310,5361.3,,
1160825,150.0,,
1160975,2428.0,,
4152466,20906.5,,
4146170,1339.0,,
4122700,154768.0,153680.1721,154295.9063
4214621,22200.0,300.4775565,16007.10254
4122650,1072153.8,,
6232930,3856.21,,
4146670,10202.0,,
5101390,6845.0,6684.046529,6670.995605
4150507,13286.7,11512.42713,12724.72656
6172039,279.0,,
4120902,89041.6,87531.53807,87066.79688
1196410,149.0,,172.0985718
6607220,288.5,266.6749767,265.0673523
4101400,8106.7,7444.788318,8039.764648
1160533,19130.0,,
4213202,50900.0,59749.45549,60471.82031
6233301,15394.9,8296.307264,8502.388672
5109110,12690.0,12571.3668,13032.33398
4244795,285.0,359.2360039,357.2842712
6546802,14661.5,,
4213596,4240.0,,
6609560,347.0,344.4968317,341.8028564
4135200,16394.7,15090.34757,14804.18848
6142100,1561.194,1202.507964,1585.668091
5708100,3496.0,,
4208893,963.0,,
6233850,23102.9,16141.59487,16498.99805
6401200,844.0,858.6492756,851.565918
4207860,16200.0,,
4147710,3841.0,2306.288213,2922.753906
4119170,6050.2,2740.2168,3028.47876
6606340,551.7,,
6606635,83.0,,
4116183,189847.0,,
4213345,643.0,,
3275210,8180.0,6709.008403,6981.92627
4208441,36900.0,,
1160695,2359.0,,
6229140,22.9,,23.89375877
4115101,29008.0,27338.0188,28913.92969
4214513,5565.7,4721.171338,5405.171387
6458613,294.15,,
4150510,2507.1,2520.23252,2513.126221
5171200,16.2,,15.84812546
4146160,3351.5,,
4214580,5304.37,,
4105300,3056.2,,
5101480,6.6,,6.790084839
4152103,444703.0,439301.964,447952.2188
5864700,88.800003,,
4132800,3470.6,2559.401115,3518.174561
1160756,111.0,,105.2311401
1160373,43451.0,,
4235500,1030.0,931.972927,927.5540161
4115223,6526.8,6071.278905,6423.95752
5304140,116393.09,,
6607530,111.0,,
1196300,1054.0,3226.760602,1038.922119
6457840,8156.15,,
6233411,214.3,,
4119252,3967.9,3404.472294,3635.275146
4213890,13400.0,7173.283061,12803.14258
1159100,866486.0,865829.7322,867499.625
1159525,5758.0,,
6604960,204.6,198.5411499,197.0961304
3268100,4450.0,3926.725564,4861.827637
4123255,1002.3,932.667999,928.9567871
4121141,56047.6,,
6401440,517.0,518.6787763,514.4901733
4584400,216.0,,
6604180,251.2,229.8646773,228.2613525
3275450,-999.0,,
3275500,2900.0,,
6233406,36.5,,
4213455,3500.0,,
4119315,5415.7,4327.420741,5446.463379
1160611,103.0,,91.21195984
6608310,62.8,,63.76820374
6608240,178.7,,178.0252075
6605800,1370.0,,
6605950,330.7,,
4149610,2022.8,1826.460191,2281.114502
5101253,1211.0,,
5101303,2473.0,1976.631491,2421.101807
4214517,12402.76,,
4150280,43149.4,42468.11411,42807.04688
4113351,8831.9,,
6605880,961.8,,
4243080,6840.0,,
4149690,11354.6,11111.03855,11481.60449
4152600,59570.0,49442.92748,48911.67578
5204015,601.0,,
4115105,2799.8,2968.466522,2786.722168
4146900,1442.6,,
1160520,1565.0,1580.402657,1576.084106
1160470,1296.0,1275.289914,1271.486328
6604100,441.1,460.6202886,457.3235779
4119401,35076.4,28176.12918,28149.78906
4116187,92722.0,,
1197001,8864.0,8786.436914,8769.486328
1159830,690.0,927.2925843,724.1715088
6606580,62.5,,56.24349594
4208515,6720.0,4088.616152,4365.859375
4123268,21680.9,20553.76588,20768.46484
4121320,21818.2,19625.37554,19540.52344
4123385,2085.0,2029.534372,2022.502441
4208880,30800.0,15185.84438,35967.48438
4215102,6860.0,,
4147703,70189.0,65948.97865,67756.625
4133100,1165.5,,
4116190,25356.0,,
4244420,1090.0,,
4220300,928.0,,
6457990,2139.0,,
1196380,399.0,710.0464223,386.3041992
4214500,2410.0,2081.086868,2069.039551
5302400,11914.0,6746.449592,7072.519531
5866300,3465.0,,
4120310,18117.1,,
4122154,3706.3,,
4150503,40243.4,39076.03847,39656.07813
6458600,16837.9,,
4152465,68528.8,,
4152110,17560.2,21332.77736,21799.00391
6172013,635.0,,
6457730,4489.53,,
6457660,4663.69,,
1160615,62.0,,73.44789886
1160745,978.0,,
1160360,9.0,,10.00669384
1160230,163.0,,195.3564606
4115230,2590.0,2339.708201,2634.823486
4245250,42200.0,,
4119311,5941.5,6174.473713,5984.291992
6233402,167.5,,
6604365,1.5,,
4121145,4377.1,3945.948817,4247.220215
4123251,6024.3,,
4121430,8572.9,7245.969405,8443.615234
4127910,2038.3,,
6140450,1420.681,1548.21532,1883.083252
6140500,791.262,2109.75493,762.9683228
4116461,2149.7,1293.342111,2138.256104
4208637,844.0,,
4207150,14600.0,14879.22507,15155.32031
4123850,696.7,,
6233415,6.18,,3.446642399
1160752,267.0,,258.6450806
6605770,517.7,,
4149960,805.5,,
4214210,14500.0,8771.726737,16541.87109
6457690,39901.33,,
4152301,7378.9,,
6607851,1256.1,,
1160708,16.0,,13.35970879
4149405,4338.3,4301.654506,4288.475586
5101116,315.0,,
4243215,5460.0,4699.114354,4974.834473
1199310,6846.0,,
6608520,203.3,223.1483229,221.7488556
6604395,125.5,,
4234300,5820.0,7878.238005,8079.811523
4143770,1776.7,1772.710352,1656.741699
6606645,183.9,,
6233366,157.2,,123.1408463
4127100,9810.9,7719.420672,9792.573242
4213640,249.0,302.7167524,260.1481934
4119050,2615.9,1132.887538,1685.947998
4119100,95312.0,110517.5655,110250.3438
6606330,354.8,,
1197500,10379.0,,
1159302,99316.0,97207.57177,97710.69531
6503851,2408.0,1733.763626,2409.759766
4123110,2929.3,2733.597169,2722.743652
4125802,100776.9,99166.90741,99271.24219
4151400,2494.2,1761.768089,2499.071045
1159660,8689.0,6841.012871,8379.349609
6142170,478.828,481.3665656,478.5865479
6503250,646.0,,
6609510,40.8,,43.91613007
6233221,19816.9,,
4208919,1570.0,,
4152900,7163.9,6246.395333,7212.851074
6605780,732.0,,
6607250,183.1,,152.7791595
6603310,304.3,311.7901812,309.7037354
4243070,2380.0,,
4126804,102874.8,,
4122352,21238.0,341.7685989,18185.63672
6605920,323.0,,
6605870,105.9,,
4150320,1421.9,1440.172731,1436.705322
6458406,4337.46,,
6608230,62.5,,62.88817596
5202100,764.0,1311.217332,742.1616211
4213425,1100.0,,
4213575,161000.0,,
4213150,2560.0,1419.011041,1649.621948
4208090,2880.0,,
6606570,61.6,,72.31101227
4208271,275000.0,247710.9094,246829.8281
4116402,5775.7,5838.714455,5810.05127
4119288,2185.9,2890.363516,2986.508545
4123375,1978.8,1492.393974,1948.821167
4123225,1232.8,1218.435595,1213.705566
4147505,2732.5,,
5803601,2098.0,2376.419042,2803.981201
4208867,278.0,,
4148650,25511.5,24834.06344,25543.95117
4121126,1432.3,1637.156483,1628.596069
4148325,3553.5,,
4208870,74600.0,,
4208920,3900.0,3039.278779,3612.35791
4213562,24800.0,,
6233114,651.0,,
6503410,307.0,312.4476067,310.4000244
6233680,6054.39,3084.342363,6058.043457
1197593,1639.0,,
1196370,499.0,483.1554625,474.5263367
6607540,72.8,,77.10910034
1196220,12938.0,,
1160303,6713.0,,
4122630,37088.8,,
1160915,3939.0,,
4146110,31339.0,,
4146190,3980.8,,
4214570,26200.0,,
1160417,215.0,,
4185050,538.7,552.8306478,552.2874146
4185100,184.4,,211.8348694
4103630,5167.05,,
6605565,1363.0,1941.552007,1928.697754
4116301,14452.2,13597.39228,13795.25488
4147810,292.7,326.3111339,325.0108032
4121801,846305.8,844736.7159,840673.3125
6233750,24923.5,24367.22634,24982.56641
6233600,293.8,,
4208793,13600.0,,
4125941,19085.7,,
4213860,1550.0,,
4121350,2255.9,1707.786978,1700.123779
4215165,99.5,,
4236010,686000.0,718568.6969,716399.75
1159910,2239.0,,
4125210,380.7,589.3347082,427.171814
6604170,69.2,,69.00563812
5863200,906.0,,
1160400,145.0,,139.1399078
4115400,15591.8,13716.14571,15153.66016
6608101,53.9,,36.18924332
1196106,6119.0,,
4132010,1577.3,1380.534892,1372.87561
4132010,1577.3,1380.534892,1372.87561
4113321,13649.3,13210.38269,14353.96582
6607855,53.7,,64.56090546
6457100,53511.26,,
4149401,55615.1,,
5866115,518.0,,
4214260,228000.0,,
4122211,8609.2,7751.306516,8486.344727
4152552,36260.0,,
1160911,1659.0,1678.592803,1674.884033
1160493,13422.0,,
4149910,867.7,916.3542913,914.3468628
6605700,178.5,,172.8603668
4126351,5402.7,3492.43109,5335.554688
6233465,224.1,,205.4378662
6233110,1827.9,,
4125062,40696.7,39651.95074,40006.36328
4244635,15600.0,13703.01736,14290.24023
4148321,5905.0,5660.066842,5962.941406
4148090,21714.6,21753.92256,22093.18164
4215250,178.0,215.0674344,206.0561523
4147501,7277.9,4735.544215,4712.833496
4213571,13000.0,14362.12823,14791.76074
4125500,193252.9,190474.8275,191449.3281
4208094,230.0,,
4125075,2864.5,2584.615637,3032.255615
4236700,2620.0,,
4208700,647.0,,
1197580,128.0,,137.272049
4208650,1960.0,1605.847253,2046.847778
1160240,19.0,,17.90928268
1160310,52.0,,44.31539917
1291100,334000.0,328272.8933,334278.5625
4115310,5698.0,2876.928756,5025.009277
4115240,5931.1,4858.354457,5553.05127
6502151,1050.0,953.7755382,1190.610229
4118800,880.6,3028.32637,797.6844482
4120112,533.5,,
1160788,4084.0,3695.845422,4189.462402
6458402,434.86,,
5202067,433.0,485.8073642,484.5563354
4235400,342.0,,
1196350,1171.0,1063.492533,1061.450195
6607560,87.8,,101.867981
1196200,441.0,,370.3825073
6457810,32053.86,,
4126750,5444.2,5099.715226,5474.99707
4113402,27454.0,26467.19672,26314.60352
4146130,2053.8,1679.08601,2053.751709
6172050,5160.0,,
4120121,40823.6,39816.37718,40282.66406
4132900,2046.1,,
4146281,55040.1,,
4147462,10598.3,1490.0932,10824.69727
5402100,633.29,,
4148720,35224.0,36727.73852,36906.65234
4208733,19600.0,,
4127202,5024.6,4839.397189,5135.039063
5104223,1475.0,1517.523935,1320.677002
6606550,68.9,,36.9269104
4213020,1550.0,,
4213555,3888.0,,
1197745,2407.0,,
4147050,7031.9,4737.382032,6957.349609
4147475,1784.5,2027.062025,2329.080322
4208799,233.0,,
4123355,2662.5,,
4121111,3185.7,2863.902812,3235.219482
4123205,4421.1,3598.855794,3584.172119
4584450,112.0,,
4150250,1061.9,1080.765682,1077.66748
4150300,619.0,,
6605850,954.9,,
4122222,49883.4,49002.15811,49510.01172
4149710,2952.6,2932.451324,2910.317627
1160641,29.0,,31.6753788
5202070,9980.0,9830.975873,10090.03418
5202120,1010.0,,
6608210,1090.4,1078.716511,1071.997559
4247110,357.0,,
1196440,12674.0,,
4120952,9197.1,9153.868062,9128.490234
4118110,6734.0,4958.362547,6310.167969
6607705,220.6,218.2483203,216.919632
6232960,390.8,,
6603330,120.3,,148.2743378
4122100,17871.0,,
5204106,166000.0,128568.1486,128205.3906
4135300,1901.1,1678.640625,1670.890137
3265601,2346000.0,,
1159335,17313.0,,
4151420,1579.9,1591.699758,1573.021118
4119442,4273.5,3310.502224,3439.217773
6233201,28920.5,28365.19225,28323.89063
4116325,3056.2,2376.58935,3015.682373
6609530,180.8,,
4207180,42500.0,38616.52685,38927.19531
4119286,4193.2,5180.065213,5696.539063
6606310,137.3,,
4119070,6837.6,3393.700399,3619.082764
4213245,79800.0,,
4213315,1350.0,1284.100603,1275.973877
4143750,1626.5,,
4116332,9738.4,7896.082377,9968.702148
4208541,2410.0,1683.956707,2382.571289
6233800,1012.0,1121.941,1112.489746
4584210,446.0,,
6401300,193.0,,144.5239258
4207830,19600.0,18786.0013,19635.41016
4123130,74164.7,,
4113305,10385.9,6530.79405,8113.490723
5171300,32.0,,34.18708801
6458713,3010.28,,
4150410,2116.0,1588.117797,2042.501099
1160795,243.0,,
6229110,60.4,,
6608500,174.0,201.9425382,200.6746979
4245280,368.0,,
1160715,341.0,373.0634944,334.9070435
4115330,2921.5,2477.665951,2883.814209
4115260,14542.9,13013.96938,14454.42188
4115081,3626.0,3381.311574,3578.356445
1196213,2988.0,,
1160419,198.0,,
5202228,207.0,,
6457215,105.93,,
4122603,149313.5,164811.3833,165327.2031
4208843,2700.0,,
5803200,7.5,,8.129880905
4584290,288.0,,
4123201,12141.9,,
4215270,453.0,431.4283635,428.8921204
4123351,1424.5,993.691446,1400.398071
4208720,1370.0,,
4125055,2343.9,2467.169708,2458.404785
5104230,8070.0,4502.597834,7231.605957
4208491,16000.0,15430.96431,15404.29688
6233502,26567.8,,
6233130,3360.5,,
5865810,11.3,,7.949649334
4207050,87.0,,80.85575867
4207100,3600.0,,
4121102,5102.3,6067.248337,5019.752441
6140400,51120.336,50336.66186,51241.09766
4122180,3468.0,2921.147042,3677.193848
4120125,6086.5,6193.587591,6163.123535
4146950,149.2,,139.8587189
1160420,47.0,,52.55802917
6458924,2471.45,,
6457505,4087.17,,
4113301,90132.0,598.2371356,88557.59375
5204460,82162.14,,
4152700,8831.9,9437.687363,8976.714844
4152650,14576.5,11320.1296,14332.8584
6458717,199.05,,
6456107,2637.64,,
4215430,1620.0,,
1159653,2990.0,,
4127501,1847188.0,,
6604150,137.8,,162.6043091
4119451,20953.1,19442.86315,22405.03516
4234701,2150.0,1692.782828,2075.431641
4119295,2338.8,2404.212504,2394.593994
4213485,1820.0,,
4208545,2510.0,,
1159548,3595.0,,
6233205,1103.23,1172.327204,1163.256592
4220200,5510.0,,
4119282,10852.1,7254.766609,8582.297852
6456110,437.0,,
4148541,13131.3,12738.60454,13074.14746
5866200,557.0,,
4120210,4203.6,,
5101450,1262.0,1359.078342,1356.025269
5101500,10170.0,10325.43346,10303.82031
5204102,34200.0,34174.2278,35026.35156
6605545,10.2,,11.50866508
5302229,13421.0,13083.97566,13321.15918
6458863,3575.72,,
4113900,657.9,601.9907151,570.5349731
1160580,29745.0,27781.69064,29513.4668
4115344,2577.1,2468.873056,2578.925781
5202150,1382.21,,
4149630,44548.0,43338.60987,43539.39063
6605820,1844.0,,
4134500,1393.4,1279.250686,1291.975586
6545600,1664.0,,
6172037,313.0,,
4150605,6368.8,5850.214591,6296.401855
6401460,266.0,241.4510828,239.4312134
4123275,1023.1,1079.89649,931.4946289
4121161,12950.0,12685.41804,12938.68555
4148232,13610.5,14199.26893,14151.11914
4119265,4522.1,,
1197310,1122.0,1046.286454,1044.297974
1159890,4686.0,,
4208371,11300.0,,
4119322,4236.7,1273.17128,4053.105713
4213047,25300.0,26340.88187,26037.64844
6233780,3778.63,2570.121691,3706.994629
4148750,7226.1,6009.158001,7182.87793
6140101,248.591,,
4123083,968.7,,
1159120,1679.0,2077.707753,1564.883789
6603500,491.6,551.0609088,547.4009399
6172020,215.0,,
4105705,24.6309,,
1160815,658.0,919.727177,546.9116211
4146140,7770.0,3878.330425,6664.25
4122903,1084844.8,,
6457860,393.21,,
6607510,37.2,,32.29824066
5304030,435.0,484.3320202,475.7169189
4115203,231546.0,271734.6666,270172.0625
1160353,12493.0,,
6458950,3523.67,,
4115290,2393.2,2398.480836,2385.113525
4113600,4351.2,5869.941858,6037.095215
6545110,566.0,,
4150460,10870.2,10308.2184,10858.23145
4152201,4827.8,4270.373843,4725.146484
4149120,17024.1,16103.29339,16377.55371
5709110,10400.0,,
4150681,9417.2,8404.151486,9280.733398
4146083,3043.3,,
4121304,7303.8,6314.922774,7608.720215
4123140,269.4,,143.4223938
4125902,28671.3,,
6233870,494.3,643.9406265,638.5205688
4208461,10400.0,,
4147903,3848.7,,
4213365,319.0,,
4127150,3833.2,5409.989854,3729.617188
1197550,1557.0,1583.182312,1554.733643
4208680,25.38,,
4119150,4001.6,2131.506124,4013.120117
6609540,259.0,,186.6676636
4133501,4832.9,4821.726064,5942.235352
6142120,9144.832,9373.287212,9366.476563
4148110,5654.0,3811.321036,3979.764893
4148535,6526.8,5959.783048,6513.796387
4125915,3064.0,,
4113362,20227.9,,
4146650,9539.0,,
6458201,243.56,,
4122170,2051.3,1276.451304,2059.144531
6603340,299.2,295.8900198,293.893158
4152800,13183.1,12293.30724,13090.2793
1160287,4.0,,
6607200,600.9,541.0390173,537.7528076
1196560,70.0,,63.01091385
4149940,1502.2,,
4149810,2634.0,1929.327042,2358.772949
6607131,112.7,,85.82594299
4126301,2815.3,2767.174844,2972.62915
6605750,4390.0,,
4214519,6759.37,,
6457707,4255.04,,
6172024,209.0,,
4147382,3903.1,,
4116189,35224.0,,
5404270,1000001.0,1016243.562,1013757.875
4151802,37037.0,36630.78693,35789.96484
4220430,716.0,,
5104310,153.13,,155.2907867
4125550,123221.8,120219.4274,122869.9219
6233422,998.2,,
4119261,13328.1,11225.51786,12203.38281
4125025,9888.6,9629.279961,9804.84375
4119080,16161.6,10421.86735,11490.38184
5867550,367.0,,
4215200,88100.0,,
6401111,640.0,,
4123271,3532.8,3354.978984,3612.561035
4123090,1201.8,1077.993569,1073.792725
6545190,908.0,868.8992929,864.3358154
5870600,6350.0,5197.702716,6297.551758
4118850,13377.4,12545.90809,13267.32422
6172033,269.0,,
1160688,873.0,,
4150601,45242.1,,
5204300,55900.0,,
5204250,489300.0,,
4115210,3359.2,3032.127046,3359.324463
4115340,5931.1,4966.591343,5864.194336
1160635,77.0,,66.38845062
6502101,7989.0,,
1160765,307.0,332.0777481,331.1869812
1196564,43.0,,41.9886055
6458620,72.49,,
4120330,24687.9,,
5101420,156.0,,161.8141022
4214520,118000.0,122490.1813,122652.5547
3265300,1950000.0,2303364.811,2300582.25
6606835,42.2,,
4213960,312.0,,
4213830,772.0,,
4125911,4317.5,3642.575087,4350.719727
4116201,821.0,1294.631693,813.6621094
4116351,989.4,1500.47498,996.9783936
6233325,278.92,,
4244550,2310.0,2020.109866,2422.959473
6559101,437.02,,
6233700,1465.2,1580.199085,1567.484253
4213603,55100.0,70093.48384,69835.85156
4147907,4252.8,3777.221859,4210.40625
4151513,11370.1,11607.74394,11569.10938
4244995,495.0,514.3768956,511.8789368
4208588,538.0,,
4121300,53491.3,,
6401601,396.0,376.023264,372.9098816
4152620,10771.8,,
1160882,1869.0,1491.728629,1991.299438
4115450,7288.3,,
1160500,1479.0,826.4862309,1434.246948
1160450,53.0,,48.39439011
4146920,1872.6,,
5606175,536.86,528.4542697,526.9366455
1196423,-999.0,,
4122900,1357678.0,1368805.852,1363036.0
1160775,2483.0,2498.916341,2492.559326
1160625,228.0,,229.817337
1160200,2351.0,2340.451994,2334.360596
4115350,3167.6,3020.165525,3087.631104
6457700,47164.9,,
1160529,4742.0,,
4152120,11999.5,8708.820071,11963.76855
6172023,2640.0,,
6390300,1070.0,,
4123331,1051.5,1349.905393,1132.745117
4121400,29992.2,30602.9674,31000.50391
4232600,2980.0,,
4213044,15700.0,,
4119271,4234.7,3533.02055,4345.702637
4119321,2776.5,2511.286133,2778.227539
4213531,4230.0,,
6604205,110.3,146.199099,145.2034454
4151805,3418.8,3408.273092,3395.46582
4119090,2874.9,2410.423,3736.744629
4208740,914.0,,
6233150,259.7,244.8504265,243.1315308
4213103,27500.0,25158.71175,25521.40039
6233425,891.4,,
4207160,22500.0,19916.67712,20053.68945
4220420,2140.0,,
4116451,20720.0,16293.25191,19463.36328
4208889,1460.0,,
4148231,12566.7,11552.67642,12714.63672
4121162,3729.6,3770.997041,3568.08667
4127920,466.2,,
5302320,1114.0,1138.551574,1134.269653
4122251,17819.2,14865.04295,16168.28711
6172034,7.3,,
6605740,175.0,,
4149950,3540.5,3022.015971,3850.285889
4115347,51691.2,28977.41053,51589.37891
4185650,256.7,,219.1158752
1199453,804.0,,
1160510,23067.0,22186.14844,22939.92578
4132100,1087.8,,
1196563,17.0,,8.550970078
5204400,3565.0,,
4113361,16757.3,16729.95482,16348.97168
4149441,10463.6,,
6457010,109810.77,,
1160892,196.0,,
4119318,3240.0,2643.191178,2731.910645
5867250,1750.0,,
5867300,375.0,,
4215450,206.0,207.9442037,206.7281647
4215125,2050.0,2031.7281,2019.953369
4213190,549.0,,
4236050,293.0,394.0534936,306.8656006
4236100,199.0,,116.626564
4119431,1939.9,,
4147900,29940.4,29281.59548,30317.81055
4147900,29940.4,29281.59548,30317.81055
4208683,364.0,,
4151514,10282.3,9886.429707,10400.26465
4125901,51437.4,,
6606825,142.0,,
4152202,149831.5,155378.4197,155651.7969
6458630,68.62,,
1160885,779.0,1076.175441,818.4245605
4214460,10400.0,,
4150682,2965.6,,
4146080,8010.9,,
4214530,8940.0,,
4149123,2341.4,1961.026965,2297.993652
4120320,20321.1,15952.61055,20086.44922
3276100,1200.0,1193.868328,1188.541138
1160457,21.0,,19.89152718
6607500,1073.0,1074.012904,1067.515503
6457870,20755.91,,
5202157,95.72,,113.5701675
6603510,61.8,,72.03716278
4122255,4325.3,4266.011331,4519.255371
4146150,774.4,,
5204303,2240.0,2966.537035,3176.188232
5204253,-999.0,,
1160955,10.0,,7.098029137
6172030,140.0,,
4123272,1398.6,1585.937342,1536.994019
4148610,6863.5,6218.034595,6946.891113
1159130,40073.0,40120.42191,39303.46875
4125026,12703.9,12354.76355,12586.71387
4213057,5920.0,,
6233421,110.3,,
4119262,4302.0,2941.110187,3770.436768
6503500,2338.0,1970.331392,2288.37793
1159880,15500.0,,
4213110,1210.0,1087.350764,1081.176514
4213040,422.0,,
4119650,221704.0,203737.7452,203066.9219
1197300,5540.0,,
6604201,1704.2,1646.105293,1780.052979
4127700,7283.1,6895.201488,7111.981445
4119325,4672.4,1318.27523,4364.992676
4123335,903.9,,
4133800,2219.6,2790.450949,2222.561768
5865650,506.0,542.2982302,540.1094971
4123265,1012.7,1173.710958,1046.854492
4147381,8008.3,7328.618926,7967.430664
4147030,15317.3,9488.481596,16663.0625
4147030,15317.3,9488.481596,16663.0625
4147030,15317.3,9488.481596,16663.0625
6605830,1273.0,,
4149355,955.7,974.2015936,971.3914795
6457704,56.36,,
4243160,404.0,406.0330672,403.9877319
1160621,71.0,,72.08048248
4115204,227402.0,265097.6061,265968.4375
6605690,1500.0,,
1160453,1627.0,,
4235191,1160.0,1033.561686,1028.765259
1196570,638.0,698.0500117,609.3355103
1196420,4.0,,2.31182003
6607210,226.1,236.9228082,235.4886932
6607765,47.9,,48.55288696
6603350,277.6,638.3790231,275.5533447
1160881,4154.0,4366.881125,4356.710449
4122160,7267.5,6678.500953,7218.82373
6233418,197.1,,
4213183,24800.0,15165.19534,18950.94336
1159813,10489.0,,
4147904,29940.0,29281.59548,30317.81055
4147904,29940.0,29281.59548,30317.81055
4208536,1520.0,1516.774723,1506.358276
6609400,2210.0,1931.009549,2248.064209
1197540,252.0,,269.1296082
4147720,8686.9,,
4147491,2580.0,2596.679753,2584.96875
4207850,3080.0,,
4113365,22973.3,15260.52683,18196.88672
6545050,10186.0,7249.698372,8358.65332
4134350,1077.4,927.4381475,922.9939575
5709100,47400.0,,
6458810,21920.95,,
1199200,953.0,943.088492,941.0629272
1160280,3.0,,
4115280,27195.0,,
1196142,84.0,,82.72026825
6605730,657.8,659.6678862,655.2546387
4122190,4558.4,4045.348416,4490.033203
5101200,129900.0,132266.0753,131972.1875
4122221,9207.5,8039.218307,9060.712891
5866500,1060.0,,
4151651,2271.4,1311.561019,1753.626099
4127800,2964255.0,,
4123206,6063.2,6014.577701,6016.963867
4220500,6490.0,,
6503151,1911.0,,
4244370,821.0,,
4131031,6941.2,4937.696136,7214.22168
4131031,6941.2,4937.696136,7214.22168
6233120,102.0,,100.4036865
5865800,29.5,,28.42490959
4208730,133000.0,37060.37268,69525.55469
4119201,8650.6,7515.222347,8761.001953
4127201,7042.2,6571.81528,7076.910645
4147461,20357.4,16702.56247,19594.04688
5402103,1643.2,,
4215260,3320.0,3024.163632,3309.394043
4123341,1870.0,1973.602588,1724.778931
4215330,9.07,,8.902410507
6172053,579.0,,
4113401,29267.0,25516.76891,27984.83789
5204181,12960.0,13401.95328,13694.60059
6457205,6307.33,,
1160320,6895.0,4068.588345,6779.010742
4115270,12535.6,12476.42105,12765.90723
1160705,115.0,,115.0339127
4245210,370.0,,
4235490,552.0,,
6607711,85.7,,91.48654175
1160427,23.0,,23.45107079
4103600,66304.0,65033.7113,64820.4375
6457880,213.9,,
4120200,57839.9,51389.37887,51389.70703
4214540,32400.0,,
4214410,1170.0,,
6157100,4663.743,2990.183266,4567.875977
6140250,8286.227,644.8439035,8256.273438
6140300,2913.696,3615.897476,4178.112793
4213900,3580.0,,
4116331,16239.3,,
4119441,14633.5,13922.34891,13986.36133
4213495,4840.0,1815.313046,2742.297852
4119285,8912.2,,
4148546,7899.5,6237.663685,7905.555176
4149780,20409.2,14681.4608,14953.56934
6172236,1030.0,,
4120951,30575.0,23483.9649,30581.40234
1196443,1028.0,,
1160430,135.0,,132.1645966
6608200,893.6,884.6079621,879.0828857
5202130,88.0,,84.46142578
4214905,24200.0,,
4247100,3550.0,,
6172057,326.0,,
4150310,13462.8,12297.55173,13500.31055
4136301,2548.6,2536.777243,2525.270264
6605840,325.0,,
6605910,139.0,,
4147465,1129.2,969.4255228,1116.886841
4147110,8451.2,,
4208857,1110.0,1660.793708,1649.52124
6401400,1102.0,1081.148901,1072.181641
4123345,347.1,1049.362621,324.9116516
4121101,12017.6,8796.48336,11850.05957
4208734,9780.0,10053.58197,10199.40039
4208485,2220.0,2020.753332,2187.353271
6233133,3591.02,,
4213160,1790.0,1764.847902,1753.663574
4232900,1160.0,1011.886615,1006.453918
4116150,621.6,639.0091433,635.7676392
4213552,289000.0,347188.3028,346648.5625
6233124,3620.2,,
5402110,466.12,440.1539411,438.5144653
4215706,11400.0,,
4123202,28813.8,13767.17231,28792.94922
4135400,1888.1,1921.578944,1912.795532
4123352,29551.9,18658.16715,18259.0293
6172040,134.0,,
4146120,717.4,609.1888548,606.5570068
4122600,221108.3,231769.8479,230752.3125
1160263,628.0,,
4115333,3004.4,,
4101200,1825.95,1606.320716,1891.149658
4115082,743.3,683.6194699,679.9786377
6457800,52377.38,,
1196210,696.0,695.1998726,694.1586914
1196340,1758.0,,
6607570,16.9,,18.36268616
1196447,7483.0,,
1160785,1034.0,964.7828759,962.3044434
6608510,144.0,,155.1323547
6229100,624.1,637.8420342,633.1594238
4150400,973.8,,
5204101,57700.0,,
4113315,3574.2,,
4103820,15229.2,,
4207820,135.0,,
4123120,590.5,561.1479775,558.9628906
6401240,1699.0,,
6401310,102.0,,117.9972992
4584200,640.0,,
4147600,17560.2,13833.59422,17204.25195
4208395,1830.0,,
4213255,3275.69,,
4119445,4584.3,1695.581888,4630.284668
4213670,838.0,,
6606300,194.0,,
1197530,640.0,640.0383859,638.8707275
6606250,688.5,,
4119281,14120.7,12387.7923,12634.05762
3275250,2380.0,1510.310999,2471.748535
4119452,14037.8,14541.71703,13956.65918
4127502,1835274.0,1828428.048,1820626.5
6609520,258.0,258.5624519,256.9247131
4207190,32400.0,32985.58978,36205.60547
1257100,97300.0,102974.326,103497.1563
5708140,435.0,,
4123137,3926.4,2587.509865,2577.068359
1159650,37070.0,,
6603320,970.2,915.4898168,909.4298096
6232970,30.4,,
4146630,191.7,,202.0134888
4113302,56462.0,49018.41475,50020.67578
4105450,5169.64,,
4126100,6894.6,4878.496997,7058.470215
4118100,169.38,,192.2548981
1196450,22270.0,,
4235300,4300.0,4925.190568,4099.467285
4122639,6008.8,,
4147721,2113.4,1574.492089,2044.006592
5803150,324.0,310.1603725,308.8211365
5708126,10204.0,7051.883783,7442.315918
4147490,3999.0,3972.772794,3954.984863
1159805,15673.0,,
4208520,3690.0,2096.436212,2559.061035
6604510,76.1,,65.89240265
4115281,20253.8,,
5606160,581.45,537.2499713,535.7722168
4113364,22792.0,22835.70975,22556.62305
4150471,5397.6,,
6232916,566.3,,
6373010,8320.0,,
6232901,14477.1,,
4146085,1849.3,,
1160880,28920.0,,
4235190,730.0,1033.561686,487.1113281
4134800,1517.7,,
6605520,86.1,,96.53517914
4147905,2116.0,1534.706498,2095.428467
4207250,12400.0,10360.97746,11620.23047
4207300,6940.0,6378.273693,6645.239746
6233419,312.4,,
5868100,20582.0,15479.72192,15702.52637
5868050,12018.0,,
4151511,38228.4,51548.27303,51650.44141
6140600,625.413,760.6256888,693.9976807
4125904,1036.0,,
4213825,106.0,,
6606820,43.5,,
4147380,12004.7,9166.139382,10968.37695
4147031,6941.2,4937.696136,7214.22168
4147031,6941.2,4937.696136,7214.22168
4213111,3530.0,3111.903749,3598.062256
4213041,7860.0,7233.462235,7858.718262
4127701,2659.9,2432.513445,2601.8396
6503282,1090.5,724.2172388,719.6744995
6604350,319.0,,
4220432,305.0,,
6606680,163.0,,
1160770,2573.0,2552.623927,2545.927734
4115205,222999.0,199895.6801,261703.6719
6457320,1265.77,,
4152500,1908.8,2959.771819,1858.366943
4152450,289562.0,278984.1422,278855.5938
6172026,404.0,,
5302325,2713.0,,
5866150,2560.0,,
5204302,8290.0,5385.781323,9119.90625
5204252,575000.0,,
6458450,23869.36,,
6172031,98.0,,
6605615,4587.1,,
4125027,15218.8,14654.33559,15198.72852
4213056,5370.0,,
4244720,624.0,760.1282789,755.5722046
4125552,7381.5,6730.756176,7182.755371
4119263,2729.9,,
4208752,424.0,,
4151515,76560.4,104745.2238,105765.1641
4125900,60686.3,,
4147901,10593.1,10340.24244,10582.91895
4116340,2318.1,2902.287327,2310.771729
6559110,50.21,,
6605695,2861.2,,
1160456,25.64,,
1196425,517.0,566.4562947,527.6098022
1196150,323.0,397.3463879,396.6831055
6607760,148.9,,158.7495422
4146330,199.7,,
4150462,4804.5,4218.040997,4764.305176
4146081,7088.8,,
4214531,22900.0,4785.373645,25954.28516
4120321,10419.6,10041.94329,10388.26758
4122165,3434.3,3113.924504,3403.784912
4149122,8212.9,,
5709112,15700.0,11874.09648,14302.86328
4113360,5361.3,3492.708511,3762.41626
6458203,833.4,,
5204401,13980.0,8927.785306,13641.11328
4150475,17026.7,15968.77331,16688.70313
1160368,25.0,,24.99232864
1160368,25.0,,24.99232864
4152580,9660.7,10045.21424,10002.78711
4149510,1616.2,,
4243250,342.0,,
1160441,162.0,,189.1953888
1196562,12.0,,10.8710041
1160285,3.0,,
3265910,13877.0,10772.82212,15800.68457
3275750,223000.0,,
6503352,1660.0,,
4143310,2553.7,2173.745699,2379.825928
6604280,471.0,,
6606600,7486.0,,
6606750,133.9,,
4119430,5387.2,4774.297347,5038.665527
4147725,17733.7,16604.71174,17186.64844
4125917,2937.0,,
6401610,2163.0,1949.183678,1933.15332
4584700,518.0,,
4121311,5962.2,5051.638155,4775.487305
4123277,5703.2,4805.791126,5495.780273
4148230,8971.8,8091.494005,9118.553711
4135100,2698.8,2007.344499,2641.342529
4208835,9860.0,,
1159510,7801.0,,
4213102,17000.0,14149.69243,17277.48047
6233424,298.1,,
4207380,1700.0,2205.691509,2085.538818
6503120,805.0,,
4220421,908.0,,
4116450,28904.4,,
4208888,151.0,,
5109210,23660.0,,
5607080,1369.5,1344.730891,1342.704834
1196710,2204.0,,
6607120,169.1,,135.694458
4118310,79.254,,82.70022583
1160763,4285.0,,
4101700,4617.97,,
4245860,237.0,,
4122250,5827.5,4959.193318,5784.578125
4149632,49728.0,,
6603130,166.3,,159.6441956
4146155,655.3,,
5101090,263.0,324.0414377,323.7929993
4105710,62678.0,,
1160528,10830.0,,
4149350,6967.1,5443.631422,6982.585449
5171100,26.4,,28.52491379
1234090,-999.0,,
4122901,1296813.0,1311170.699,1306561.875
4115351,2318.05,2032.599998,2282.196289
4115201,665371.0,,
1160351,79.0,,82.40089417
4213045,2210.0,1774.264661,2070.007813
4119270,11168.1,9808.216411,11196.91992
4143550,773892.0,811361.8207,811364.875
4123260,13289.3,13556.07027,14176.60059
4123330,2367.3,,
4121401,18518.5,19067.12881,19387.32617
4147540,141.4,,195.0519257
4147410,236.2,234.6823857,233.6295929
4123136,2217.0,2721.712802,2109.507568
6606850,578.0,650.1305315,646.0806885
6606900,370.0,332.4086176,330.3207092
6456105,615.5,,
4213905,5880.0,7324.084575,7462.697266
1159651,24745.0,21282.78903,24202.95898
4213243,161000.0,,
4119453,10411.8,9584.682226,10357.45313
4127503,1805230.0,1799059.763,1791216.0
4584800,215.0,,
4208547,85.5,,
5109151,106300.0,103343.41,105240.9219
6605550,758.9,799.3400977,794.0888062
6605400,57.2,,85.4684906
4235301,3110.0,2919.996856,2610.25293
4122638,4739.7,4789.640459,4768.300781
4214030,8390.0,,
4122111,2501.9,2824.812479,2983.099854
5101130,1450.0,1621.484361,1619.945313
4152652,2621.1,1749.572629,2729.020508
6458715,6389.87,,
4113303,17612.0,,
4245890,209.0,,
1234130,38750.0,,
5606110,2.7,,3.575870037
4208400,606000.0,612781.461,612151.3125
4119280,36358.4,34740.63962,35212.47656
1159333,1650.0,,
6372100,6280.0,,
4147601,9013.2,8508.171041,8930.224609
4123290,1186.2,,
5803120,259.0,,149.2092285
3265100,40000.0,,
4208307,332.0,,
6233450,427.8,315.4319297,312.8332825
4244750,470.0,478.778819,476.0801086
4115332,18378.6,18457.57586,18358.69531
4115262,4128.5,3638.771284,4147.990234
1160717,435.0,476.2212243,475.0754089
4185350,310.8,,315.3141174
4185200,47.4,,51.21389389
6605310,321.9,787.2734039,312.4273987
6605665,122.3,,
6172041,1030.0,,
6458420,53.55,,
5101205,1103.0,681.0346221,892.711853
4122601,218078.0,,
4214670,9820.0,,
5866120,64.1,,
4150311,3405.9,3425.430829,3416.843994
6172056,25.0,,
1160398,35.0,,29.99655914
4152570,8029.0,,
6457350,410.88,,
6457200,15931.52,,
1160275,10.0,,7.142136097
1160700,1744.0,1807.290041,1802.873657
1160650,728.0,739.1982847,737.2685547
4247101,1080.0,,
6604270,199.0,,182.0933075
6604320,660.0,,
4125110,2038.3,2132.354814,2124.323242
4147111,3525.0,2195.973253,3488.220703
4215710,3110.0,2874.436621,2871.644775
4215335,52.9,,
4121100,21522.9,21149.82988,21290.5332
3268270,25800.0,20281.02335,21303.9082
4147605,2030.6,943.7676811,1991.561035
6606720,541.3,546.4397819,541.4581299
6606670,74.0,,
4119510,4022.3,648.1198621,4046.30249
4119440,23335.9,5111.693717,22723.4668
4213250,56500.0,,
4213300,57000.0,47592.32119,78919.19531
6606305,59.0,,
4204100,29300.0,30412.69359,32184.55664
4120950,178925.0,,
1160780,108.0,,
5202200,764.0,646.2041248,643.8626099
4134700,4504.0,2849.080148,3677.346436
4243220,686.0,,352.5380859
4149430,652.68,,
5204104,13100.0,12285.16268,13065.04492
4149781,24320.1,,
6457280,243.01,,
4113310,5387.2,,
4120201,28987.3,,
4146340,282.3,,
4146210,3465.4,,
6172220,1050.0,,
6607710,323.7,318.0043757,316.0466003
4118105,3755.5,,
5110030,2700.0,2546.929426,2689.282227
4205130,194.0,,
6609100,1134.4,,
4116330,35094.5,34608.53052,34765.17188
1159320,2381.0,,
1159655,10735.0,,
4147460,25019.4,22353.76834,24744.6543
5402102,3679.4,,
4123210,2745.4,,
1197750,5715.0,,
4208480,2200.0,1917.029857,2321.105225
4213410,18500.0,,
4213540,2000.0,2115.893011,2102.907715
4119200,24731.9,23349.23623,23825.21289
4127200,13418.9,,
1160271,27.0,,36.4311409
5202065,163.0,,137.8105011
1160704,417.0,,
5202135,11000.0,10836.55402,11165.4541
6172052,2080.0,,
4150315,2170.4,2186.090164,2180.627197
4113400,31857.0,32171.81856,32140.57617
5204180,3990.0,3846.998493,4068.535889
1160920,47.0,,51.94523239
6457213,4725.67,,
4122220,19632.2,18876.0634,19276.25977
4122370,7744.1,8411.58454,10630.90332
1160266,2936.0,,
6607150,826.2,849.3151204,844.1791992
1196215,4710.0,,
6457955,1242.01,,
4208676,959.0,,
4220501,2720.0,1911.052487,2600.076904
4131030,15317.3,9488.481596,16663.0625
4131030,15317.3,9488.481596,16663.0625
4131030,15317.3,9488.481596,16663.0625
4133701,3711.5,4558.624946,4562.269531
4133651,2134.2,2543.86017,1596.075928
1159560,1121.0,,
4123357,1367.5,1076.663501,959.5888672
4123207,12760.9,12471.36335,12623.73535
1237500,115000.0,,
6142270,127.969,,
4148310,7226.1,,
4148410,7226.1,5872.311236,7168.814941
4215426,4070.0,888.5132638,3325.696289
1159330,31233.0,,
1159549,1511.0,,
6233204,12270.6,,
4119447,4817.4,3310.502224,5039.647461
4116320,4946.9,4607.578826,4944.931641
6609110,293.0,,
4119283,3387.7,,
1196445,625.0,,
1196130,126.0,,129.4577942
4214551,60100.0,,
3269300,10056.0,2758.942957,9747.045898
4122105,2628.9,,
6172230,252.0,,
4146200,1929.5,1579.931452,1936.934326
4146350,336.7,337.7027071,336.4499512
5204103,21100.0,20374.11419,21341.99805
4149420,9886.0,9855.543859,9878.887695
4243360,5820.0,5201.678408,5908.987793
4113300,77959.0,60678.99683,60722.41797
6457290,444.68,,
4152701,19839.4,,
4152651,10269.4,9935.26389,10091.34668
1160790,316.0,,295.009552
4213240,6390.0,6253.1171,5709.230469
4119450,26936.0,,
6606660,368.0,,
1197100,48.0,,43.12129211
6606730,352.2,,
4234700,3960.0,3335.989213,5290.777832
4123510,1351.9,1346.767961,1341.220581
4208648,1950.0,,
4123135,2043.5,2538.76159,2396.272217
4213569,47849.5,,
4147360,1069.7,,
4148300,22869.7,22598.42853,22869.4668
6142260,423.784,,
4123347,989.4,952.2807749,1221.292236
3275990,95000.0,121676.8446,123534.1875
6140401,48560.519,43497.97914,49165.58203
4208666,637.0,,
5109270,170.03,,
4208487,1700.0,,
1160276,5.0,,4.285759449
1196205,810.0,,
4118220,59.311,,61.44158173
6607140,663.0,658.3567827,654.3849487
6607010,22.5,,19.02022743
6172055,241.0,,
4122360,9945.6,8194.452136,9803.230469
4122230,7303.8,6671.278748,7363.802246
4245950,2330.0,,
6545300,1842.0,,
4113410,4636.1,2200.392254,2642.338379
6172042,1880.0,,
4122602,153587.0,167741.3797,167808.1719
5204190,407.0,414.078326,412.9459534
6502170,533.0,,
5606180,378.81,466.3207786,464.8124695
4115331,22779.1,22601.89871,23333.49414
4115261,9010.6,657.8161203,9414.161133
6232101,3345.5,,
4115080,5796.4,,
6233126,3043.3,,
4119210,3434.3,2347.683044,3406.045654
4213550,347000.0,416580.4294,416569.9688
1197740,1077.0,1105.178306,1103.236816
4147470,243.5,258.8708585,257.6907654
4123200,2222.2,2796.147384,2549.550537
4123350,4164.7,3709.087569,3654.628906
5865121,2787.0,,
4215010,256.0,270.8207408,269.2561646
4123131,18821.5,20610.57137,22610.77148
4123280,2442.4,1856.663431,2222.67627
4119454,1960.6,1670.840478,1960.894287
4116333,2077.2,,
4119290,6423.2,4108.159942,6409.745117
4102200,3859.1,,
4208540,5620.0,4813.297963,5395.102051
5606100,11593.04,,
4103602,-999.0,,
1160425,72.0,,71.05526733
6608501,4010.0,,
4136400,13209.0,8402.30199,9856.75293
4120202,14983.2,8680.654081,8631.513672
4113304,11137.0,,
4214555,27500.0,,
4120953,6783.2,7628.357006,6753.858887
1196441,357.0,,
6605410,240.0,,
4101451,4817.0,3174.272123,4770.737793
4185450,129.0,,121.0875931
4185500,244.2,359.3527284,359.0031433
6233350,1332.7,702.5127672,697.5458374
6233200,565.0,,
6606840,303.3,,
4147606,1541.1,1527.466334,1520.547729
3265600,-999.0,,
4151421,217.6,,194.5370789
3275910,9800.0,,
4147051,13993.8,,
4208916,5990.0,,
4208798,2100.0,1704.199119,2114.718994
4106500,220.409,,
4121110,5801.6,4570.116768,6094.688477
4215650,427.0,582.4041381,424.3075256
4220502,1050.0,,
4236300,197.0,,194.3031311
4213390,218.0,,
4125050,16923.1,16343.76981,16792.32617
4213171,450.0,245.554311,235.8821411
4133652,1162.9,,
6233122,989.8,,
4125100,5563.3,5483.076682,6534.590332
6606401,1660.0,,
6604330,559.4,,
4148855,7114.7,,
6604260,368.0,415.6895441,412.8852234
5863110,1557.0,,
1160640,407.0,,
1160710,353.0,401.9214686,400.9476624
1160265,395.0,,404.8041992
6457956,4282.38,,
4132300,1546.2,1191.191467,1662.577026
1196800,46583.0,,
6457340,719.39,,
6458560,2477.25,,
4120120,58052.3,58172.30164,58308.34375
4150850,1364.9,,
3276300,1300.0,1120.883014,1115.284302
4115322,35483.0,,
5101119,925.0,905.2366173,904.4151001
6605675,369.0,,
6605300,2175.6,1786.218558,2115.475098
4133260,5853.4,2471.97827,6361.694824
6233510,11846.37,13566.72594,13831.18457
6233440,1992.3,1446.06659,1933.834351
4147463,2069.4,1731.665095,1722.969849
4147310,474.0,265.5634279,264.3185425
4121301,45558.1,46171.7531,48376.35547
6401600,527.0,,
1159811,4650.0,,
6606610,529.0,,
1197555,93.0,,110.9590225
6458805,3425.34,,
4115451,2716.9,2108.362575,2695.538574
6608150,18.1,,18.57748413
5204268,991000.0,,
1160295,46.0,,65.3341217
4150465,7889.1,,
4243310,1570.0,1213.443988,1201.616333
4243240,22000.0,13045.19542,21496.52539
4152590,10411.8,8288.856872,9309.87793
1160883,12862.0,,
4146320,603.5,,
4214690,6090.0,5606.709329,6081.711426
4146270,4889.9,4028.886081,4894.953125
6545102,2285.0,1377.205059,1370.085938
6172240,766.0,,
4120331,19766.9,13072.7257,19416.30859
1160894,434.0,472.6631305,464.0544434
5101308,3027.0,,
6605685,64.0,,
4118410,13087.8,,
4115282,7006.0,6158.508208,6929.789063
1196565,16.0,,14.77134705
4116200,6475.0,7496.887485,8293.894531
4116350,6811.7,5388.901491,6894.886719
6559100,1573.0,,
4148530,20331.5,20328.03106,20261.77344
4125910,5278.4,5033.751788,5377.026367
3268500,96000.0,,
4123320,1284.6,575.8241083,995.5930786
4123270,4193.2,4054.20394,4762.897949
4125551,59222.9,57559.71156,57768.92578
4213470,211.0,,
6233423,1182.6,,
4119260,16860.9,18681.03923,18910.1875
6606100,55.2,,59.83029556
1197730,52.0,,53.50880051
4213055,2780.0,2736.082133,2719.818848
1199455,1392.0,,
1160341,1201.0,,
4115211,391.1,,
4126851,9033.9,,
5302326,17.0,,15.39292717
4150600,44511.7,43863.19219,44143.04688
5204301,19000.0,18408.94186,20108.97656
1160957,25.0,,34.7677002
5204251,647200.0,,
6603120,1843.8,1360.67152,1798.67981
5864300,1994.0,,
4122240,17534.3,17324.14405,17457.79297
5302261,4464.0,,
4245920,12400.0,,
4146145,4053.4,2453.882315,3609.052734
1160810,312.0,,312.8364258
1160940,790.0,,
4118300,241.13,,230.0726166
4149941,3315.2,,
1196700,514.0,515.4510451,514.5363159
6607130,916.9,850.823228,845.72052
4126300,5887.1,6098.009927,6078.399902
5304035,182.0,,197.7673187
4115206,193473.0,189987.0673,190615.3125
3274130,600.0,,
1160773,6906.0,,
4235100,5210.0,4638.729656,4616.57666
5404271,955018.0,,
4119327,3348.9,3023.202919,3010.48584
6503281,1602.0,1506.639682,1497.102783
4213042,20300.0,,
4220431,655.0,,
6503130,426.0,,
4151803,25200.7,,
6233785,41.3,,42.45879364
1159125,8938.0,,
4116188,40663.0,,
6546610,10197.0,10400.2151,10344.125
4147726,7705.3,4965.228014,7673.179199
4213835,1860.0,1156.949261,1149.699097
4208527,311.0,,
4133500,9494.9,9518.93033,9824.026367
6233320,46830.0,,
4133450,2849.0,3750.731125,4106.54834
1160512,1717.0,1550.091334,1545.726929
1196561,120.0,,127.5353394
6458200,96.84,,
4113363,21212.1,21372.61891,21254.55664
4214475,4710.0,5411.048622,5731.493164
6232911,11038.1,,
4150461,8409.7,,
6607950,345.0,,172.7640228
6607800,191.4,,197.4979553
4149121,12931.9,12478.67819,12853.74512
4120322,2913.8,,
1234150,700000.0,,
4150680,20593.0,,
4146082,3576.8,,
1160455,56.0,,63.2081604
1160505,588.0,,
1160120,381.0,371.6937425,370.5105286
5606020,3926.44,4671.853041,4985.063477
4147902,8104.1,7807.260402,8171.811035
1159815,7497.0,,
6604450,983.0,,
6604500,925.0,974.403187,967.8087158
5803140,339.0,,
6140100,94.675,,
4123082,4162.1,1211.465503,4143.361328
4244730,2110.0,,
6559180,325.0,,
4122902,1253819.0,1114104.972,1263933.5
6605605,391.1,,
1160352,5837.0,,
4115202,248640.0,286707.1581,286988.625
4103550,508417.0,503129.9089,500041.2188
4214610,3680.0,,
6458440,107.39,,
6458510,3539.84,,
4146141,3341.1,,
6457330,2500.97,,
6457260,360.74,,
4149631,45584.0,22339.92027,44246.42188
6172036,406.0,,
6545601,1189.0,,
5204255,386000.0,418587.8647,425621.0313
4245650,5720.0,,
4115345,27736.3,26175.98136,26713.85156
1160345,76.0,,49.86338425
5202151,4500.0,5503.704846,6413.449219
1160630,1245.0,1265.669413,1262.012695
6604340,72.5,,
4119264,20168.3,21942.971,22160.09961
5863030,302.0,,
4125555,37011.1,,
4125020,3014.8,1641.418343,2965.798096
4208755,1660.0,,
4121160,26418.0,25618.34879,26170.0332
4123095,6622.6,,
5803700,686.0,,
4116460,7252.0,4948.246575,7186.147949
5109220,6789.0,5101.725661,6840.617676
6233414,2848.8,,
1159520,905.0,1119.630808,905.2814331
6606890,47.7,,62.65856552
1160960,229.0,,
4105720,4584.3,,
4146410,2294.7,2293.565288,2286.0271
4122260,2900.8,,
6603100,276.6,283.4010609,280.0229797
1160376,17810.0,,
6605590,818.4,872.6840457,866.8689575
4115226,11137.0,6158.508208,6935.895508
1196720,2268.0,,
6607110,87.0,,71.63450623
4118320,8003.1,,
1199100,906.0,882.8456143,881.1074829
4115231,3369.6,3448.066634,3429.135498
5606080,86777.41,,
6545200,2238.0,,
6172012,794.0,,
4149360,9052.0,8514.851604,9087.172852
4123300,236130.0,216103.9233,215438.5781
4123250,8547.0,,
4121431,3211.6,2297.162264,3183.246094
1197710,216.0,,235.3653412
4208590,4900.0,,
4119310,13338.5,13912.9225,13952.3252
6233403,727.92,,
4116191,13532.8,12325.36307,13475.10059
4116370,2141.9,,
4213593,23100.0,19905.76087,22172.78125
4135205,6003.6,4791.174902,5588.958008
4125930,1364.9,,
4208881,17000.0,,
4215103,6090.0,,
4147702,2543.4,,
5866301,550.0,,
4120311,8396.8,,
4122155,6055.4,,
6172260,896.0,,
4150502,58723.0,,
4146250,155.9,,169.1400299
1160687,97.0,,
6607225,202.5,,205.6831818
1196415,88.0,,82.37657928
1196160,136.0,,
1160113,464.0,,
1160690,1414.0,1375.455427,1371.574219
4204010,9350.0,8364.343062,8985.235352
6608170,471.3,466.5713109,463.613739
4146901,5317.3,,
4243330,1550.0,900.2727824,1200.644043
6646800,37142.0,,
4150281,39956.0,15711.57417,40026.04688
4113350,8676.5,,
4152601,37814.0,11466.7868,36072.65625
4150515,2118.6,1423.317505,2274.086426
4149691,9062.4,,
5865400,226.0,,
5865550,1075.0,883.1145066,879.656311
4121321,10095.8,7757.215762,8234.256836
4148122,2978.5,2557.395281,2802.786377
4147715,6490.5,5056.800316,6379.668457
4147330,16205.6,,
4127400,4856.3,,
6606345,1033.4,,
4116186,108521.0,,
4208280,222000.0,167183.3746,166445.2656
6606630,883.2,,
5607023,17151.72,,
4119400,69267.0,61017.35558,61525.78906
6546810,478.0,504.2012161,501.532959
4234600,1520.0,,
4125080,4814.8,3373.01191,4829.336914
4220402,1850.0,,
4234680,927.0,,
4213071,1230.0,1203.817644,1196.547485
6604360,2286.5,,
4208946,331.0,,
4121140,18500.4,13157.94196,18550.56055
4215750,420.0,417.1413378,414.6152954
4152460,62419.0,57669.67343,58815.01563
6172016,784.0,,
6457735,46.65,,
1196850,49826.0,,
4243151,-999.0,,
6457240,807.98,,
1160610,121.0,,118.6680298
1160235,24044.0,21368.86627,23903.01172
1160365,268.0,,265.5692749
4115235,4589.5,4291.960788,4543.916016
4105850,5053.09,,
4132200,8883.7,,
5202036,223.0,,193.5610809
4115222,999.7,,
3276200,16400.0,,
6605625,307.4,,
4126701,13874.6,,
4149965,639.7,,
4146161,2318.1,,
6458460,31809.0,,
6458530,253.79,,
5864701,427.0,,
6140120,381.84,,
6233165,79.4,,71.36685944
6233540,167.1,,
4135800,1129.2,,
6604470,32.0,,
4208440,52300.0,63157.30527,64397.39453
4208510,4200.0,2725.719946,3866.556641
5867710,642.0,,
5803030,228.0,,165.0238647
5803160,152.0,,
4123380,2447.6,2457.61062,2449.337891
4136500,4827.8,4233.193292,5016.126953
6457982,592.49,,
4115100,18855.2,3534.169027,18924.65625
1160525,878.0,,
4120903,37992.7,36373.86532,37568.73047
6605440,282.3,347.3911659,345.1104736
4185550,108.3,,
4185400,155.9,,142.1372986
6457995,320.08,,
4214505,2020.0,988.244628,2027.271973
5101020,1313.0,1234.274477,1233.662598
4122151,10813.3,10158.8491,10503.57617
6502810,493.0,,
6458605,94.14,,
3289050,1500.0,,
4149682,4791.5,4305.854403,4883.438477
4213815,3350.0,,
4135201,5514.1,,
6606810,29.0,,
6142101,349.791,,
4207330,133.0,,127.9666214
6401800,2819.0,2003.488689,2701.547607
6233250,3664.5,1857.191896,2660.387207
4213203,17500.0,14861.96968,18195.66406
6233300,45.0,,34.66155624
3368100,-999.0,,
4208507,1960.0,1657.796067,1931.273438
4119230,2597.8,3091.345128,3109.984619
3275150,3710.0,3100.055217,3513.439453
6604480,209.0,,
4116407,372.96,945.0204115,360.4820862
6233692,6322.9,,
4244810,645.0,585.0784672,581.7321777
4244940,7230.0,,
4123220,4333.1,,
6401140,419.0,,
4123370,3817.7,,
4584100,221.0,,
4147500,20953.0,,
4147450,1046.4,1009.420695,1004.913025
1159547,-999.0,,
4208862,764.0,,
4208399,2160.0,1757.062348,2223.088623
4126801,124397.7,124119.5986,124146.0859
4149310,323.8,343.6503217,342.7391052
4150700,24162.1,609.6030004,24266.92969
6458403,58.44,,
4115311,9842.0,7900.090192,9893.542969
4115311,9842.0,7900.090192,9893.542969
4115241,339.3,355.8680352,342.6775513
6608235,92.7,,
6502150,1184.0,,
5202105,3340.0,1957.345808,3413.309814
5304065,2528.0,2229.274948,2755.67627
3274030,14000.0,,
4122635,11142.2,7824.222864,10230.51074
5864200,1580.0,,
5864350,370.0,,
4245820,360.0,,
4146115,7389.3,5269.906807,7327.523926
4152553,10126.9,498.9993587,9725.516602
4148655,3703.7,2221.412525,3007.354004
1159400,11044.0,10692.12042,11188.80176
1159550,49120.0,,
4148091,7710.4,7158.168527,7729.672363
4125063,34535.1,32303.79502,34048.78906
6503160,294.0,,
6604390,247.0,,
4234720,163.0,,
4234670,181.0,,201.7205353
6606640,413.8,,
6606710,137.5,,145.1721497
4213330,252.0,,
1197505,5380.0,,
6606335,13.4,,
4147340,3481.0,,
4147210,997.2,965.2218897,960.5325928
5869401,3124.0,2727.411169,3099.194824
1160328,15.0,,17.73818779
4243210,1340.0,1693.14738,1684.29248
4243340,622.0,388.7221528,386.683075
4115401,11111.1,11069.21577,11008.91992
6608100,1013.1,1070.111485,1063.273193
1160395,29.0,,32.16732025
4120960,3203.4,4494.234786,3243.666504
4185051,448.1,552.8306478,427.2898254
4103631,3781.4,,
1196110,247.0,,
4118440,40155.2,,
4146220,398.9,,
4146370,271.9,,
6233128,349.0,,
1159310,348.0,,337.307251
4125810,3436.9,2963.930687,3445.390137
4116300,24786.3,22650.69419,24047.48828
6559150,443.0,,
6233530,194.7,,183.9911957
4213563,11600.0,13306.86618,14891.6123
6233460,155.8,,156.2828827
4208267,888.0,979.5197928,972.2756348
5708148,46300.0,,
6140150,383.358,,
4208871,155000.0,,
4208921,630.0,,
5101365,1233.0,846.8688253,1284.751953
5302365,8355.0,8468.392459,8940.999023
4120100,8220.7,7846.23831,8268.905273
6458540,3435.62,,
4146111,17974.6,24521.3534,26226.67383
6605320,269.4,,209.3863831
6605655,272.2,,
5304061,2028.0,839.3356002,1501.690308
5304061,2028.0,839.3356002,1501.690308
5304061,2028.0,839.3356002,1501.690308
1196190,94.0,811.3598626,66.80311584
4103500,47656.0,,
1160315,16.0,,15.70997143
1160245,183.0,,165.6311646
4105820,15954.0,,
1160660,509.0,522.1218751,520.59375
1160730,2193.0,1190.22129,2234.688721
5870655,1410.0,,
4126805,79725.4,78031.09059,79471.51563
6457230,595.77,,
4243290,746.0,1057.712938,775.7053223
4215670,1850.0,1496.042418,1815.244873
4121130,6889.4,6399.630343,6685.314941
1159413,16153.0,,
5803750,500.0,495.3136791,493.1345825
4213574,84700.0,,
6604310,1145.0,,
6604240,245.5,240.6985565,239.068161
6604665,33.9,,41.28469467
4125070,4869.2,4465.779248,4804.081543
6606790,190.3,,189.315033
6503301,1605.0,,
5109161,39360.0,39012.1345,40236.29297
4133400,10178.7,,
4133550,1538.5,1531.50109,1772.888062
6233755,42.6,,50.01418686
4234850,466.0,1297.320293,545.8488159
4234900,865.0,,
4125944,1253.6,841.7362496,1284.175415
5204452,64800.0,,
5866600,440.0,,
4146195,2455.3,,
5101050,984.0,961.7013226,961.017395
4149413,47700.0,47915.71275,48119.72656
5101100,1945.0,1915.404194,1913.752441
4103635,963.48,,
6605430,59.2,,75.9090271
1160405,34.0,,30.53792191
4152300,11152.5,10718.63555,11079.63281
1160709,104.0,,104.7255249
6607850,277.1,,145.7674561
4244890,19000.0,,
6401090,5662.0,,
4215160,337.0,350.8571324,325.7848816
4123111,8034.2,,
5865101,122.0,,
6233367,52.2,,62.58754349
1197501,5131.0,283.5421998,5051.791016
4119101,15902.6,15130.9726,22768.83203
4213011,319.0,720.766941,313.2744446
6604250,171.0,,169.5743256
4213564,2250.0,1245.192694,2221.321289
5863120,1184.0,,
1197595,182.0,,169.3691406
4208715,4740.0,,
4208645,11100.0,,
5865601,28.2,,38.51660919
4121120,10619.0,983.7463196,10486.75684
4215660,9710.0,,
4147061,1069.7,888.7165605,884.1536865
4147061,1069.7,888.7165605,884.1536865
4147061,1069.7,888.7165605,884.1536865
4208926,29.79,,
4148092,4633.5,3724.721185,4680.643555
1159403,23900.0,,
6457370,283.07,,
6457220,2614.07,,
4122636,6086.5,4641.597237,5348.046875
4126815,1077.4,887.7234195,884.7770996
4243280,642.0,657.4904775,654.1512451
4152400,15174.8,15737.23364,15214.00586
4152550,116161.5,99501.68891,100258.6328
1160913,324.0,,
4150331,5472.7,4878.519685,5473.297363
6608190,169.6,,178.430191
1160720,294.0,,264.9941101
4115305,9194.5,8028.41504,9022.704102
1160305,9842.0,,
6605645,161.0,,
6605330,569.8,,
1196180,189.0,,182.7138519
4120110,13931.6,,
4214275,5810.0,4060.907061,5891.436035
6172280,1300.0,,
4126802,115335.3,109020.0126,115119.6875
5866100,164.0,,
6458550,38394.53,,
6609538,229.0,,
6140140,179.102,,
4208861,425.0,,
3265070,38000.0,,
4244770,4400.0,3320.85941,4286.445801
4213573,160000.0,146680.0046,146260.1875
6233470,1110.1,1124.381871,1115.240234
4133300,1802.6,,
4133250,3470.6,,
4220100,839.0,847.0399202,817.9889526
1255100,89600.0,,
4208005,1270000.0,1306501.94,1297254.375
4213095,823.0,897.3194436,892.1317139
4208570,12100.0,6508.171135,12010.06641
6233752,9876.9,,
6233227,340.3,364.603567,361.7150879
4125205,315.98,,
6401080,1574.0,1458.036111,1828.079712
4125943,3224.6,3241.881283,3229.933594
1160545,575.0,616.2923525,614.4190063
4185052,281.0,,280.3213196
4103200,831390.0,825318.2533,819364.1875
6605570,3315.0,2010.583502,3981.262939
6605420,1586.0,,
1160396,137.0,,140.7247314
4122280,7355.6,7662.331899,7323.124023
5101040,470.0,468.8540763,468.5756226
4146185,1152.6,,
4214565,4250.0,,
5866610,973.0,,
5302110,2681.0,2677.85456,2667.979248
1159304,296170.0,,
4213875,551.0,,
6401703,2023.0,,
4203210,7800.0,7745.113813,7948.839844
4125804,409297.7,407872.1136,406829.7813
4213925,749.0,759.4714015,754.8822632
6140700,182.491,,168.2735901
6606870,128.9,,128.1092072
1159490,121220.0,,
4116480,3354.1,,
4207350,252.0,272.7362404,247.4898224
6233360,4440.9,3554.485115,4536.953125
4208858,3080.0,,
4116400,8391.6,8224.992297,8564.888672
5109240,2928.0,2832.836163,2831.281738
6142300,1275.32,1300.169902,1135.90686
6142250,307.345,,
4208865,4860.0,,
4122350,63563.8,63460.40732,63668.66016
5864210,26.4,,
5101190,1133.0,1074.728685,1073.492188
1160850,5887.0,4035.107682,6026.418945
1160900,440.0,416.4150492,415.5080872
4149851,5231.8,4130.184649,4583.686523
5202102,17320.0,17272.95957,17746.11914
5202115,55.0,,54.53046799
6608600,106.0,,121.5168839
1160301,753.0,1150.60997,731.2062378
1199415,789.0,,
4115301,20927.2,,
4149300,17068.1,8948.203525,17085.32227
4146112,10152.8,,
4113420,2432.0,2330.134822,2316.956299
4123360,134.4,,120.4454422
5803180,3278.0,3228.910386,3214.602051
4123230,9401.7,10495.29861,10640.38574
4147440,764.0,,
4147510,1800.0,,
4125064,22108.2,,
6233116,905.5,,
4119220,2846.4,1849.806211,2802.832031
4143500,1585.0,,
3275010,6450.0,,
3275140,8500.0,4285.723736,8370.561523
1197502,1512.0,1514.881521,1512.079712
1159675,12852.0,,
1159300,364560.0,361457.975,360194.9063
4148570,7070.7,3186.288544,6945.551758
4125950,1030.8,1066.77417,1062.88269
6172200,7840.0,,
6172350,56000.0,,
4146360,35058.2,,
4146230,784.8,874.7267337,871.2398071
6607245,7.0,,5.429521084
1196100,42714.0,,
6608110,227.1,,143.4103851
1160385,33.0,,
5204451,132200.0,77753.61963,80352.96875
4113330,4869.2,3094.656752,5578.524414
4121341,9132.3,4318.791953,10903.84863
3275700,15300.0,4590.606949,14907.72461
4123209,1227.7,1075.029716,1070.641357
6233223,8482.5,,
4119460,41958.0,45365.36389,48473.05469
6606700,198.0,,186.0688934
4208357,13300.0,9799.930794,11258.22168
4119313,3501.7,4367.2444,3925.000244
6233400,2428.4,1680.39668,1666.835205
6233175,4.0,,2.633199215
4208941,7150.0,8051.042036,8554.373047
4121147,11758.6,10847.00446,11329.04785
6140130,44.083,,
6172011,903.0,,
6458520,1110.42,,
4152467,32074.6,,
4122701,143175.2,142446.0884,142503.6719
5302255,1485.0,1263.954046,1530.319458
4185300,541.3,588.6581596,588.0827026
6605340,58.8,,
4214943,33900.0,,
6605635,99.5,,
1160600,2530.0,1694.777001,2563.629883
1160750,1546.0,1494.806143,1491.225342
4101900,24656.8,24107.81534,24309.65234
4152470,5584.0,,
4243141,1330.0,1480.931139,1385.425537
4150585,8881.0,,
5302242,3903.0,3361.29035,3833.006348
6457675,147.24,,
4215610,298.0,,
4121150,8047.1,7882.603175,8036.811523
1197090,21652.0,,
4208210,1790.0,1182.145517,1103.821045
6604370,96.0,,
6604220,784.3,819.9168043,814.253479
4125565,5226.6,4903.917591,5192.050293
5863150,1393.0,,
6233417,1.8,,1.723482728
4213131,1980.0,2090.662645,2078.203125
4125010,2483.8,1784.757587,2459.477539
5607020,5115.45,,
6233240,4.7,,4.771597385
4116185,152033.0,,
4207320,11500.0,8414.050202,10020.04883
6503180,562.0,306.8361505,304.8761597
4584900,140.0,,
3368110,-999.0,,
5201020,275.0,,
6606950,238.2,226.2767077,224.8645325
4148121,6972.3,6535.269953,6812.658691
4213955,2300.0,1910.295914,2107.113281
4203330,4950.0,,
3275800,30200.0,15384.86306,31552.84766
1159601,2397.0,1356.088473,1336.277832
4150282,20960.9,19734.23026,21070.28125
5101381,4755.0,3781.919596,4547.730469
6458615,154.34,,
6172028,474.0,,
6457985,3281.06,,
1160684,18795.0,,
5870500,234.0,,176.8836365
4150451,101033.3,97864.65761,100863.1875
4150501,70562.0,69789.47713,70023.97656
5867700,3830.0,,
4208379,121.0,,
4147701,5780.9,5634.49796,5688.012695
4147651,4902.9,4799.642737,5037.229004
6604460,28.5,,
4213590,60300.0,60360.71274,60014.69141
4208500,5490.0,5584.336598,5259.872559
1159825,393.0,392.3453542,391.4693909
4213510,12600.0,,
4213440,131000.0,166924.6356,168638.5156
4119250,32375.0,11790.69005,33994.89453
4208580,3570.0,3404.682112,3589.364014
5865300,11395.0,,
6401120,7314.0,1549.612635,5109.151855
4123240,1225.1,540.0291726,1213.473267
6401070,507.0,,
4123310,758.9,494.8998602,741.6143188
6605815,150.0,,
1199465,2313.0,,
5202410,26.0,,
4115221,19632.2,,
4115236,2608.1,,
6605580,147.0,,
3274100,1000.0,1222.105272,669.6027222
6607100,247.6,263.3493747,261.7749329
4146400,10764.0,11456.42403,11747.45313
4146175,683.8,,
1160970,20.0,,
1160820,129.0,,132.3369751
5101301,135757.0,134914.5755,135479.6719
5864330,259.0,,
5302251,3538.0,3562.453183,3549.082275
4122270,3237.5,2987.801545,3297.785645
6606880,164.7,,158.8184509
4151600,19036.5,11618.43962,18626.6875
4148210,3714.0,3445.752536,3711.758057
5109230,2421.0,,
4220401,2210.0,,
4116470,7562.8,8406.953872,8366.130859
6503100,3111.0,2919.464765,3132.788574
4119317,6843.4,,
4133751,3185.7,,
4119410,13190.9,9337.442678,12956.82227
4213200,10400.0,,
1197010,2611.0,,
6606620,1054.0,,
4123400,19223.0,,
4147320,17503.2,,
4122152,57544.6,65970.33933,66962.49219
4115348,23317.8,,
4243320,709.0,,
6457380,397.34,,
4150505,10328.9,9932.51512,10369.22852
6545500,2002.0,2019.831728,2009.526367
4113340,3833.2,,
4120900,237132.6,,
1160680,545.0,477.3252966,476.1430054
6608160,68.6,,58.19330978
4118420,518.0,519.9110865,517.5131836
1196170,445.0,552.7672258,470.3066711
6607235,15.7,,17.20591736
1196405,98240.0,,
4120301,3385.1,2799.901189,3368.399902
4146310,131.8,,
6172270,239.0,,
4148125,1898.5,,
4125920,2147.1,1894.544529,2132.741455
4116181,240766.4,,
6559130,142.31,,
4116360,380.73,,
